external_id,number,name,type,detail_type,parent_external_id,active
A1000,1000,Operating Checking,Asset,Checking,,true
A2000,2000,Accounts Payable,Liability,AccountsPayable,,true
A4010,4010,Grant Revenue – Restricted,Income,NonProfitIncome,,true
A4020,4020,Contributions – Unrestricted,Income,NonProfitIncome,,true
A6010,6010,Salaries & Wages,Expense,PayrollExpenses,,true
A6020,6020,Payroll Taxes,Expense,PayrollExpenses,,true
A6110,6110,Food & Kitchen Supplies,Expense,SuppliesMaterials,,true
A6210,6210,Rent,Expense,RentOrLeaseOfBuildings,,true
A6220,6220,Utilities,Expense,Utilities,,true
A6310,6310,Instructor Contract Services,Expense,CostOfLabor,,true
A6410,6410,Office Supplies,Expense,OfficeGeneralAdministrativeExpenses,,true
A6410,6410,Office Supplies (dup),Expense,OfficeGeneralAdministrativeExpenses,,true
