Harborlight Community Organization Inc.,,,,,,,,
Transaction Detail by Account,,,,,,,,
"January 1, 2025-September 22, 2026",,,,,,,,
,,,,,,,,
,Transaction date,Transaction type,Num,Name,Class full name,Description,Split,Amount
Overhead Expense,,,,,,,,
,12/31/2025,Journal Entry,19-36,,Programs:Trauma Programs,assigning de minimis overhead cost to Opioid grant. 15% of grant total,,3000.00
Total for Overhead Expense,,,,,,,,3000.00
Contributed income,,,,,,,,
Government Grants & Contracts,,,,,,,,
,07/30/2025,Deposit,,,Programs:Trauma Programs,Grant from Town of Bayport for Opioid Use Preventation,Checking (4171),16050.00
,12/23/2025,Deposit,,,Programs:Trauma Programs,Opioid Grant Town of Bayport,Checking (4171),3950.00
Total for Government Grants & Contracts,,,,,,,,20000.00
Total for Contributed income with sub-accounts,,,,,,,,20000.00
Office expenses,,,,,,,,
Software & apps,,,,,,,,
,12/03/2025,Expense,,Zoom,Programs:Trauma Programs,Elena Marsh - zoom upgrade fee for 2026.  Needed for virtual opioid program.,Ramp Card,145.88
,12/03/2025,Expense,,Zoom,Programs:Trauma Programs,Elena Marsh - prorated 2nd licensed user addition for 2025.  needed for virtual opioid program,Ramp Card,7.01
Total for Software & apps,,,,,,,,152.89
Total for Office expenses with sub-accounts,,,,,,,,152.89
Payroll expenses,,,,,,,,
Payroll Tax Expense,,,,,,,,
,03/10/2026,Expense,,ADP - Tax W/H,Programs:Trauma Programs,recording all of Kira's time so far to Opioid Grant.  29 hours. 21 from 2025 and 8 from 2026.  6 Carrolls LIght 4 hours each and 1 sober social 5 hours. 10% tax,Checking (4171),104.57
,03/26/2026,Expense,,ADP - Tax W/H,Programs:Trauma Programs,Kira Opioid Grant - Carrolls Light 4 hours,Checking (4171),14.42
,04/21/2026,Expense,,ADP - Tax W/H,Programs:Trauma Programs,Kira Opioid Grant - Carrolls Light 4 hours,Checking (4171),11.03
,05/04/2026,Expense,,ADP - Tax W/H,Programs:Trauma Programs,Kira Opioid Grant - Carrolls Light 4 hours,Checking (4171),11.14
,05/04/2026,Expense,,ADP - Tax W/H,Programs:Trauma Programs,Breaking the Cycle Conference Kira Hours 18 hours,Checking (4171),50.12
,05/04/2026,Expense,,ADP - Tax W/H,Programs:Trauma Programs,Breaking the Cycle Conference Leah hours,Checking (4171),15.36
,05/19/2026,Expense,,ADP - Tax W/H,Programs:Trauma Programs,Kira Opioid Grant - Carrolls Light 4 hours,Checking (4171),11.03
,05/19/2026,Expense,,ADP - Tax W/H,Programs:Trauma Programs,Centered in Recovery program x 2 Kira's time,Checking (4171),46.89
,05/21/2026,Journal Entry,19-39,,Programs:Trauma Programs,adjustment to Opioid Grant Kira time based on reforecast of time per program.,,-16.12
,06/02/2026,Expense,,ADP - Tax W/H,Programs:Trauma Programs,Kira Opioid Grant - Game night sober social. 5.75 hours,Checking (4171),15.87
,06/02/2026,Expense,,ADP - Tax W/H,Programs:Trauma Programs,Centered in Recovery program x 2 Kira's time 2 hours each,Checking (4171),11.03
,06/16/2026,Expense,,ADP - Tax W/H,Programs:Trauma Programs,Kira Opioid Grant - Carrolls Light 5.75 hours,Checking (4171),15.86
,06/16/2026,Expense,,ADP - Tax W/H,Programs:Trauma Programs,2 Centered in Recovery Kira 2 hours each,Checking (4171),11.03
,07/28/2026,Expense,,ADP - Tax W/H,Programs:Youth Programs:Camp,Leah Fun Friday teen social hours (4. Opioid Program,Checking (4171),9.54
,08/11/2026,Expense,,ADP - Tax W/H,Programs:Youth Programs:Camp,Leah Fun Friday teen social hours (4. Opioid Program,Checking (4171),6.73
,08/11/2026,Expense,,ADP - Tax W/H,Programs:Youth Programs,Kira - 4 Fun Friday teen programs 5.75 hours each 36.06/hr,Checking (4171),63.45
,08/25/2026,Expense,,ADP - Tax W/H,Programs:Youth Programs:Camp,Leah Fun Friday teen social hours (2. Opioid Program,Checking (4171),3.37
,08/25/2026,Expense,,ADP - Tax W/H,Programs:Youth Programs,Kira - 1 Fun Friday teen programs 5.75 hours each 36.06/hr,Checking (4171),15.86
,09/08/2026,Expense,,ADP - Tax W/H,Programs:Youth Programs,Kira -  teen programs 5.75 hours each 36.06/hr,Checking (4171),15.86
Total for Payroll Tax Expense,,,,,,,,417.04
Salaries,,,,,,,,
,11/28/2025,Expense,,ADP,Programs:Trauma Programs,8.52x22 Leah,Checking (4171),187.44
,03/10/2026,Expense,,ADP,Programs:Trauma Programs,recording all of Kira's time so far to Opioid Grant.  29 hours. 21 from 2025 and 8 from 2026.  6 Carrolls LIght 4 hours each and 1 sober social 5 hours.,Checking (4171),1045.67
,03/26/2026,Expense,,ADP - Direct Deposit,Programs:Trauma Programs,Kira Opioid Grant - Carrolls Light 4 hours,Checking (4171),144.24
,04/21/2026,Expense,,ADP - Direct Deposit,Programs:Trauma Programs,Kira Opioid Grant - Carrolls Light 4 hours,Checking (4171),144.24
,05/04/2026,Expense,,ADP - Direct Deposit,Programs:Trauma Programs,Kira Opioid Grant - Carrolls Light 4 hours,Checking (4171),144.24
,05/04/2026,Expense,,ADP - Direct Deposit,Programs:Trauma Programs,Breaking the Cycle Conference Kira Hours 18 hours,Checking (4171),649.08
,05/04/2026,Expense,,ADP - Direct Deposit,Programs:Trauma Programs,Breaking the Cycle Conference Leah hours,Checking (4171),128.04
,05/19/2026,Expense,,ADP - Direct Deposit,Programs:Trauma Programs,Kira Opioid Grant - Carrolls Light 4 hours,Checking (4171),144.24
,05/19/2026,Expense,,ADP - Direct Deposit,Programs:Trauma Programs,Centered in Recovery program x 2 Kira's time,Checking (4171),612.98
,05/21/2026,Journal Entry,19-39,,Programs:Trauma Programs,adjustment to Opioid Grant Kira time based on reforecast of time per program.,,162.17
,06/02/2026,Expense,,ADP - Direct Deposit,Programs:Trauma Programs,Kira Opioid Grant - Game night sober social. 5.75 hours,Checking (4171),207.35
,06/02/2026,Expense,,ADP - Direct Deposit,Programs:Trauma Programs,Centered in Recovery program x 2 Kira's time 2 hours each,Checking (4171),144.24
,06/16/2026,Expense,,ADP - Direct Deposit,Programs:Trauma Programs,Kira Opioid Grant - Carrolls Light 5.75 hours,Checking (4171),207.35
,06/16/2026,Expense,,ADP - Direct Deposit,Programs:Trauma Programs,2 Centered in Recovery Kira 2 hours each,Checking (4171),144.24
,07/28/2026,Expense,,ADP - Direct Deposit,Programs:Youth Programs:Camp,Leah Fun Friday teen social hours (4. Opioid Program,Checking (4171),88.00
,08/11/2026,Expense,,ADP - Direct Deposit,Programs:Youth Programs:Camp,Leah Fun Friday teen social hours (4. Opioid Program,Checking (4171),88.00
,08/11/2026,Expense,,ADP - Direct Deposit,Programs:Youth Programs,Kira - 4 Fun Friday teen programs 5.75 hours each 36.06/hr,Checking (4171),829.38
,08/25/2026,Expense,,ADP - Direct Deposit,Programs:Youth Programs:Camp,Leah Fun Friday teen social hours (2. Opioid Program,Checking (4171),44.00
,08/25/2026,Expense,,ADP - Direct Deposit,Programs:Youth Programs,Kira - 1 Fun Friday teen programs 5.75 hours each 36.06/hr,Checking (4171),207.35
,09/08/2026,Expense,,ADP - Direct Deposit,Programs:Youth Programs,Kira -  teen programs 5.75 hours each 36.06/hr,Checking (4171),207.35
Total for Salaries,,,,,,,,5529.60
Total for Payroll expenses with sub-accounts,,,,,,,,5946.64
Cost of Programs and Events,,,,,,,,
Programs,,,,,,,,
Food and Refreshments - Programs,,,,,,,,
,11/18/2025,Check,3032,Kendra Bishop Reimbursement,Programs:Trauma Programs,Friendsgiving food reimbursement BJS,Checking (4171),178.26
,11/18/2025,Check,3032,Kendra Bishop Reimbursement,Programs:Trauma Programs,Friendsgiving food reimbursement Star,Checking (4171),60.87
,11/18/2025,Check,3032,Kendra Bishop Reimbursement,Programs:Trauma Programs,Friendsgiving food reimbursment star,Checking (4171),52.45
,12/09/2025,Expense,,Amazon,Programs:Trauma Programs,Elena Marsh - tea for Carrolls Light Opioid program,Ramp Card,37.87
,04/25/2026,Check,3215,Kelly Rourke Reimbursement,Programs:Trauma Programs,food for Breaking the Cycle conference,Checking (4171),116.96
,04/25/2026,Check,3216,Kelly Rourke Reimbursement,Programs:Trauma Programs,food for Breaking the Cycle conference,Checking (4171),26.37
,04/25/2026,Check,3217,Luna Abruzzi Reimbursement,Programs:Trauma Programs,food for Breaking the Cycle conference,Checking (4171),24.63
,04/29/2026,Expense,,Amazon,Programs:Trauma Programs,Elena Marsh - Variety snack packs and seltzer for Carrolls Light program,Ramp Card,160.37
,05/21/2026,Expense,,Roche,Programs:Trauma Programs,Kira Tanaka - Game Night Food,Ramp Card,184.98
,05/21/2026,Expense,,STAR,Programs:Trauma Programs,Kira Tanaka - food for Game Night,Ramp Card,42.19
,07/15/2026,Expense,,BJ's Wholesale Club,Programs:Youth Programs,Kendra Bishop - food for fun friday teen program,Ramp Card,69.26
,07/16/2026,Expense,,STAR,Programs:Youth Programs,Kira Tanaka - Food for Fun Friday,Ramp Card,57.09
,07/22/2026,Expense,,Amazon,Programs:Youth Programs,Elena Marsh - Drinks for Fun Friday Teen social opioid,Ramp Card,47.94
,07/27/2026,Check,3367,Kelly Rourke Reimbursement,Programs:Youth Programs,food reimbursement for Fun Friday 7.24.27,Checking (4171),124.09
,07/31/2026,Expense,,Angel Pizza,Programs:Youth Programs,Kira Tanaka - Fun Friday food staff lunch,Ramp Card,145.17
,08/04/2026,Check,3373,Kelly Rourke Reimbursement,Programs:Youth Programs,Fun Friday food reimbursement,Checking (4171),62.66
,08/14/2026,Expense,,Roche,Programs:Youth Programs,Kira Tanaka - Food for a Fun Friday,Ramp Card,362.94
,08/26/2026,Expense,,Amazon,Programs:Youth Programs,Elena Marsh - protein bars for teen opioid program,Ramp Card,111.98
,08/27/2026,Expense,,Amazon,Programs:Youth Programs,Elena Marsh - SkinnyPop snacks for teen opioid program,Ramp Card,36.40
,08/28/2026,Expense,,Osco Pharmacy,Programs:Youth Programs,Kira Tanaka - water for Teen opioid program,Ramp Card,22.45
Total for Food and Refreshments - Programs,,,,,,,,1924.93
Program Supplies,,,,,,,,
,05/20/2026,Expense,,Home Decor Group,Programs:Trauma Programs,Dahlia Serrano - Camp games expense,Ramp Card,207.02
,05/20/2026,Journal Entry,19-51,,Programs:Trauma Programs,camp games expense,,-207.02
,08/31/2026,Expense,,Amazon,Programs:Youth Programs,Elena Marsh - Beautiful Boy movie for opioid social event,Ramp Card,19.28
,09/01/2026,Expense,,Amazon,Programs:Youth Programs,Elena Marsh - charcuterie boxes for opioid social event,Ramp Card,29.44
Total for Program Supplies,,,,,,,,48.72
Service Providers - Programs,,,,,,,,
,09/08/2025,Check,2915,Maeve Quinlan,Programs,Carroll's Light,Checking (4171),150.00
,09/08/2025,Check,2916,Nora Whitfield,Programs,Carrolls Light,Checking (4171),150.00
,10/07/2025,Check,2954,Maeve Quinlan,Programs:Trauma Programs,10.08.25 Carrolls Light Facilitator,Checking (4171),150.00
,10/07/2025,Check,2955,Nora Whitfield,Programs:Trauma Programs,Carroll's Light facilitator,Checking (4171),150.00
,11/11/2025,Check,3013,Maeve Quinlan,Programs:Trauma Programs,11.11.25 Carrolls Light program facilitator,Checking (4171),150.00
,11/11/2025,Check,3014,Nora Whitfield,Programs:Trauma Programs,11.11.25 Carrolls  Light,Checking (4171),150.00
,11/18/2025,Check,3027,Celeste Norwood,Programs:Family & Community Programs,culinary trainer for Friendsgiving,Checking (4171),125.00
,11/18/2025,Check,3033,Kendra Bishop,Programs:Trauma Programs,culinary trainer Friendsgiving,Checking (4171),125.00
,12/09/2025,Check,3057,Maeve Quinlan,Programs:Trauma Programs,12.09.25 Carrolls Light facilitator,Checking (4171),150.00
,12/09/2025,Check,3058,Nora Whitfield,Programs:Trauma Programs,12.09.25 Carrolls Light facilitator,Checking (4171),150.00
,01/13/2026,Check,3090,Nora Whitfield,Programs:Trauma Programs,Nora Whitfield facilitation of Carrolls Light 1.13.26,Checking (4171),150.00
,01/13/2026,Check,3091,Maeve Quinlan,Programs:Trauma Programs,Maeve Quinlan facilitation of Carrolls Light 1.13.26,Checking (4171),150.00
,02/10/2026,Check,3126,Nora Whitfield,Programs:Trauma Programs,Carrolls Light 2.10.26 Nora Whitfield,Checking (4171),150.00
,02/10/2026,Check,3125,Maeve Quinlan,Programs:Trauma Programs,Carrolls Light 2.10.26 Maeve Quinlan,Checking (4171),150.00
,03/10/2026,Check,3157,Maeve Quinlan,Programs:Trauma Programs,Carrolls Light 3.10.26 Maeve Quinlan,Checking (4171),150.00
,03/10/2026,Check,3158,Nora Whitfield,Programs:Trauma Programs,Carrolls Light 3.10.26 Nora Whitfield,Checking (4171),150.00
,04/07/2026,Check,3190,Maeve Quinlan,Programs:Trauma Programs,Carrolls Light facilitator,Checking (4171),150.00
,04/07/2026,Check,3194,Nora Whitfield,Programs:Trauma Programs,Carrolls Light facilitator,Checking (4171),150.00
,04/25/2026,Check,3218,Jade Farrow,Programs:Trauma Programs,speaker for Breaking the Cycle conference,Checking (4171),300.00
,04/25/2026,Check,3219,Sienna Blaine,Programs:Trauma Programs,speaker for Breaking the Cycle conference,Checking (4171),300.00
,04/25/2026,Check,3220,Mika Pendleton,Programs:Trauma Programs,speaker for Breaking the Cycle conference,Checking (4171),300.00
,04/25/2026,Check,3221,Marta Ellison,Programs:Trauma Programs,resource table for Breaking the Cycle conference,Checking (4171),100.00
,05/06/2026,Check,3242,Keira Jansen,Programs:Trauma Programs,Centered in Recovery 5.6.26,Checking (4171),100.00
,05/12/2026,Check,3256,Nora Whitfield,Programs:Trauma Programs,Carrolls Light facilitator,Checking (4171),150.00
,05/12/2026,Check,3257,Maeve Quinlan,Programs:Trauma Programs,Carrolls Light facilitator,Checking (4171),150.00
,05/12/2026,Check,3259,Maeve Quinlan,Programs:Trauma Programs,Centered in Recovery 5.13.26,Checking (4171),100.00
,05/18/2026,Check,3281,Maeve Quinlan,Programs:Trauma Programs,Centered in Recovery 5.20,Checking (4171),100.00
,05/23/2026,Check,3289,Anya Lucero,Programs:Trauma Programs,game night facilitator,Checking (4171),150.00
,05/26/2026,Check,3294,Maeve Quinlan,Programs:Trauma Programs,Centered in Recovery 5.26.26,Checking (4171),50.00
,05/26/2026,Check,3293,Celeste Norwood,Programs:Trauma Programs,Centered in Recovery 5.26.26,Checking (4171),50.00
,06/01/2026,Check,3310,Maeve Quinlan,Programs:Trauma Programs,Centered in Recovery 6.3.26,Checking (4171),100.00
,06/08/2026,Check,3327,Maeve Quinlan,Programs:Trauma Programs,Carrolls Light facilitator,Checking (4171),150.00
,06/08/2026,Check,3328,Nora Whitfield,Programs:Trauma Programs,Carrolls Light facilitator,Checking (4171),150.00
,06/08/2026,Check,3332,Maeve Quinlan,Programs:Trauma Programs,Centered in Recovery 6.10.26,Checking (4171),100.00
,08/29/2026,Check,3404,Cole Barrett,Programs:Youth Programs,8.29.26 Cole Barrett teen opioid boys soccer wellness,Checking (4171),100.00
Total for Service Providers - Programs,,,,,,,,5100.00
Total for Programs with sub-accounts,,,,,,,,7073.65
Camp - Expenditures,,,,,,,,
Camp Payroll,,,,,,,,
Camp - Payroll Taxes,,,,,,,,
,07/28/2026,Expense,,ADP - Tax W/H,Programs:Youth Programs:Camp,Cole Fun Friday teen social hours (4. Opioid Program,Checking (4171),10.58
,08/11/2026,Expense,,ADP - Tax W/H,Programs:Youth Programs:Camp,Cole Fun Friday teen social hours (4. Opioid Program,Checking (4171),10.58
,08/25/2026,Expense,,ADP - Tax W/H,Programs:Youth Programs:Camp,Cole Fun Friday teen social hours (2. Opioid Program,Checking (4171),5.29
Total for Camp - Payroll Taxes,,,,,,,,26.45
Camp - Salaries & wages,,,,,,,,
,07/28/2026,Expense,,ADP - Direct Deposit,Programs:Youth Programs:Camp,Cole Fun Friday teen social hours (4. Opioid Program,Checking (4171),92.00
,08/11/2026,Expense,,ADP - Direct Deposit,Programs:Youth Programs:Camp,Cole Fun Friday teen social hours (4. Opioid Program,Checking (4171),92.00
,08/25/2026,Expense,,ADP - Direct Deposit,Programs:Youth Programs:Camp,Cole Fun Friday teen social hours (2. Opioid Program,Checking (4171),46.00
Total for Camp - Salaries & wages,,,,,,,,230.00
Total for Camp Payroll with sub-accounts,,,,,,,,256.45
Total for Camp - Expenditures with sub-accounts,,,,,,,,256.45
Total for Cost of Programs and Events with sub-accounts,,,,,,,,7330.10
TOTAL,,,,,,,,36429.63
