Harborlight Community Organization Inc.,,,,,,
Transaction Detail by Account,,,,,,
"March 13-September 22, 2026",,,,,,
,Transaction date,Transaction type,Num,Name,Description,Amount
,Transaction date,Transaction type,Num,Name,Description,Amount
Contributed income,,,,,,
Corporate & Foundation Grants,,,,,,
,03/23/2026,Sales Receipt,1141,Salah Foundation,3.13.26 Salah Foundation donation,50000.00
Total for Corporate & Foundation Grants,,,,,,50000.00
Total for Contributed income with sub-accounts,,,,,,50000.00
Other Business Expenses,,,,,,
Training Costs,,,,,,
,04/06/2026,Check,3189,Maeve Quinlan,3 hours volunteer training 3.17 and 3.24,120.00
,06/22/2026,Check,3338,Lena Foxworth,Sound Training session for programs,1000.00
,06/29/2026,Expense,,Udemy Online Courses,Maeve Quinlan - Qigong training class - Tessa Devlin,19.99
,07/06/2026,Expense,,Udemy Online Courses,Maeve Quinlan - Qigong training - Maeve,22.99
,08/10/2026,Check,3394,Lena Foxworth,Sound Training session for programs,300.00
Total for Training Costs,,,,,,1462.98
Total for Other Business Expenses with sub-accounts,,,,,,1462.98
Payroll expenses,,,,,,
Salaries,,,,,,
,03/15/2026,Journal Entry,19-35,,remove Sanctuary of Healing staff charge from Salah grant,-113.96
,03/26/2026,Expense,,ADP - Direct Deposit,Leah Salah time week of 3.18.26. 5.13 hours 22/hr,112.89
,03/26/2026,Expense,,ADP - Direct Deposit,"Kira - Salah - 7 programs at 2 hours each 3.15 - 3.22.26 Sanctuary Retreat, Honoring Grief, Dragonfly Yoga (2), Wellness Wednesday, Caregivers Respite, Grounding. 36.06/hr",504.84
,03/26/2026,Expense,,ADP - Direct Deposit,Leah Sanctuary Retreat. 5.18 hours,113.96
,04/07/2026,Expense,,ADP - Direct Deposit,"Kira 16 hours. 8 programs at 2 hrs each. 3 DFY's 2 Open Arts 2 Wellness Wednesdays, Resonant Reset",576.96
,04/07/2026,Expense,,ADP - Direct Deposit,Leah 25% of 40.7 hours goes to core programming,223.74
,04/21/2026,Expense,,ADP - Direct Deposit,Leah Salah time,232.54
,04/21/2026,Expense,,ADP - Direct Deposit,"Kira - Salah - 8 programs at 3 hours each Open Art (2), Wellness Wednesdays (2), Caregivers, Community Meditation, Mothers Exhaustion, Acupuncture for Trauma",865.44
,05/04/2026,Expense,,ADP - Direct Deposit,Leah Salah 2 weeks ended 5/2 8 hrs,177.43
,05/04/2026,Expense,,ADP - Direct Deposit,"Kira - Salah - 4 programs at 3 hours each two weeks ended 5.2.26. 12 hrs , 36.06/ht",432.72
,05/19/2026,Expense,,ADP - Direct Deposit,Leah Salah 2 weeks ended 5/16 about 8 hrs,171.60
,05/19/2026,Expense,,ADP - Direct Deposit,"Kira - Salah - 10 programs at 3 hours each two weeks ended 5.16.26. 3 open arts, 2 wellness wednesdays, 2 acupunctures,2 soft ground yogas, 1 meditation",1081.80
,05/21/2026,Journal Entry,19-39,,"adjustment to Salah grant Kira time estimate. 2 hours/program instead of 3. 32 programs to date. 32*2*36.06 = 2307.84. Booked to date 3,461.76. Adjusted for difference 1153.92",-1153.92
,06/02/2026,Expense,,ADP - Direct Deposit,Leah Salah 2 weeks ended 5/16 about 8 hrs,167.55
,06/02/2026,Expense,,ADP - Direct Deposit,"Kira - Salah - 9 programs at 2 hours each two weeks ended 5.31.26. 2 open arts, 2 wellness wednesdays, acupunctures, grounding, mother's exhaustion, caregivers, frequency of healing",649.08
,06/16/2026,Expense,,ADP - Direct Deposit,Leah Salah 2 weeks ended 6/13,102.66
,06/16/2026,Expense,,ADP - Direct Deposit,"Kira - Salah - 9 programs at 2 hours each two weeks ended  6.13.26. 18 hrs , 36.06/hr. 2 open arts 2 wellness wednesdays 2 acupuncture, grounding, meditation, reset",649.08
,07/14/2026,Expense,,ADP - Direct Deposit,Kira Salah time 3 programs 2 hours each 36.06/hour. Qigong sound bath and acupuncture,216.36
,07/28/2026,Expense,,ADP - Direct Deposit,"Kira Salah time 4 programs 2 hours each 36.06/hour. Meditation, 2 Acupunctures and Grounding",288.48
,08/11/2026,Expense,,ADP - Direct Deposit,"Kira Salah time 6 programs 2 hours each 36.06/hour. Meditation, Acupuncture Qi Gong 2x Camp Yogas, Camp NSRWA educational visit",432.72
,08/25/2026,Expense,,ADP - Direct Deposit,"Kira Salah time 3 programs 2 hours each 36.06/hour. Meditation, Acupuncture, Grounding",216.36
,08/28/2026,Journal Entry,19-64,,assign Nora Whitfield RN's camp fee to Salah grant,350.00
,09/08/2026,Expense,,ADP - Direct Deposit,"Kira Salah time 2 programs 2 hours each 36.06/hour. Meditation, Acupuncture, Grounding",144.24
,09/08/2026,Expense,,ADP - Direct Deposit,Leah - Salah grant time 20.29 hours,446.38
,09/22/2026,Expense,,ADP - Direct Deposit,"Kira Salah time 4 programs 2 hours each 36.06/hour. Meditation, Tuning in, Open Art, Back to Earth, Acupuncture",288.48
,09/22/2026,Expense,,ADP - Direct Deposit,Leah - Salah grant time 20.94 hours,460.68
Total for Salaries,,,,,,7638.11
Total for Payroll expenses with sub-accounts,,,,,,7638.11
Cost of Programs and Events,,,,,,
Programs,,,,,,
Food and Refreshments - Programs,,,,,,
,03/13/2026,Expense,,Market Basket,Kira Tanaka - food and refreshments for Sanctuary Retreat,190.36
,03/14/2026,Expense,,Trader Joe's,Kira Tanaka - Sanctuary of healing,58.01
,03/15/2026,Journal Entry,19-35,,remove Sanctuary of Healing food charge from Salah grant,-248.37
,03/23/2026,Check,3172,Kelly Rourke Reimbursement,Game Night food / culinary workforce training,178.38
,03/24/2026,Expense,,BJ's Wholesale Club,Kendra Bishop - Culinary Training for Game Night Event,201.21
,03/24/2026,Expense,,Trader Joe's,Kendra Bishop - food and refreshments for Vegas Night / workforce training program,11.04
,03/25/2026,Expense,,Osco Pharmacy,Kendra Bishop - Vegas night / workforce training program,4.98
,03/27/2026,Expense,,Market Basket,Kira Tanaka - food and refreshments for Casino Night / workforce training program,122.08
,03/27/2026,Expense,,Roche Brothers10,Kendra Bishop - Vegas night/ workforce training program,10.67
,03/30/2026,Expense,,STAR,Kira Tanaka - Food for volunteer lunch (workforce training event),39.12
,04/07/2026,Expense,,Market Basket,Kira Tanaka - Mothers exhaustion,18.97
,05/16/2026,Expense,,Shaw's,Kira Tanaka - snacks and refreshments for 5.19 Mother's exhaustion,41.93
,06/24/2026,Expense,,STAR,Kira Tanaka - food for camp orientation. crafted and served by workforce training program,78.17
,07/30/2026,Expense,,Amazon,Elena Marsh - fruit snacks for camp,16.96
,07/30/2026,Expense,,Amazon,Elena Marsh - Assorted snacks for camp - pretzels cookies fruit snacks trail mix granola bars,81.66
,08/16/2026,Expense,,Amazon,Elena Marsh - coffee creamer and coffee,48.30
,08/31/2026,Check,3423,Celeste Norwood (Reimbusrement),Stop & Shop food reimbursement workforce training food,76.15
Total for Food and Refreshments - Programs,,,,,,929.62
Program Supplies,,,,,,
,03/15/2026,Expense,,Amazon,Elena Marsh - plastic ice bags with drawstring,16.95
,03/16/2026,Expense,,Amazon,Elena Marsh - refrigerator locks and padlock for workforce training,41.48
,03/16/2026,Expense,,Amazon,Elena Marsh - Detergent and dryer sheets for workforce training,35.95
,03/19/2026,Expense,,Amazon,Elena Marsh - paper punch and prong fastener bases for workforce training supplies,19.27
,03/21/2026,Expense,,Ycc Store,Maeve Quinlan - Sala -candles for programs,26.55
,03/25/2026,Expense,,Amazon,Elena Marsh - nametags for workforce program,108.59
,03/26/2026,Expense,,Amazon,Elena Marsh - hats for workforce program,23.99
,04/01/2026,Expense,,Amazon,Elena Marsh - binders for workforce training,14.72
,04/01/2026,Expense,,Amazon,Elena Marsh - nametags for workforce training,18.27
,04/01/2026,Check,3184,Ronan Mallory,"culinary equipment for workforce training. 100 water goblets, 4 chafing dishes, 10 gravy boats, 100 salad bowls, 30 sets of silverware",500.00
,04/06/2026,Expense,,Amazon,Elena Marsh - Program Supplies - workforce: Yoga bolsters and meditation cushions,319.92
,04/07/2026,Expense,,Amazon,Elena Marsh - soup containers disposable utensils,68.45
,04/08/2026,Expense,,Amazon,Elena Marsh - tampons 18 and food storage bags 12.74,30.74
,04/09/2026,Expense,,Amazon,Elena Marsh - Flat Plug Power Strip,26.99
,04/19/2026,Expense,,Amazon,Elena Marsh - Vinyl gloves and mini coffee cups,52.13
,04/19/2026,Expense,,Amazon,"Elena Marsh - gloves, coffee cups, and heavy duty trash bags",104.72
,04/19/2026,Expense,,Amazon,Elena Marsh - paper napkins and disposable utensils,33.59
,04/19/2026,Expense,,Amazon,Elena Marsh - soup bowls and seltzer,67.95
,05/05/2026,Check,3248,Ava Greer Reimbursement,"Art supplies for Open Art program. dried flowers and leaves, gloss sealer, stickers, fairy lights, tea lights",65.40
,05/12/2026,Expense,,Amazon,Elena Marsh - program supplies food basket liners,13.96
,05/20/2026,Journal Entry,19-51,,camp games expense,207.02
,05/21/2026,Expense,,Amazon,Elena Marsh - Amazon Basics Steel Garage Shelving Unit for workforce training,39.00
,05/23/2026,Expense,,Amazon,Elena Marsh - yoga mats,332.97
,05/23/2026,Expense,,Amazon,Elena Marsh - clock for programs,59.50
,05/28/2026,Expense,,Amazon,"Kendra Bishop - ice cream scoop, tongs, can opener, and cooling racks for workforce programs",44.36
,05/29/2026,Expense,,Amazon,Elena Marsh - bulletin board for workforce program,18.90
,06/01/2026,Expense,,Amazon,Elena Marsh - juice glasses for catering/ workforce program,85.47
,06/01/2026,Expense,,Amazon,Elena Marsh - bulletin board for workforce programs,17.99
,06/03/2026,Expense,,Amazon,Elena Marsh - Exploding Kittens Happy Salmon game for youth programs,25.98
,06/06/2026,Expense,,Ocean State Job Lot,Kendra Bishop - General kitchen supplies,10.63
,06/08/2026,Journal Entry,19-49,,Assorted games and activities for camp and other youth programming,567.93
,06/08/2026,Journal Entry,19-49,,Assorted games and activities for camp and other youth programming,411.12
,06/11/2026,Expense,,Lowe's,Jonas Serrano - 5 storage totes for program suppleis,107.40
,06/17/2026,Expense,,Amazon,"Elena Marsh - Cardstock, name badge holders, tape, paint drop cloths for youth enrichment activities",63.33
,06/18/2026,Expense,,Lowe's,Kira Tanaka - Storage totes for Programs supplies,530.83
,06/18/2026,Expense,,Amazon,Elena Marsh - Assorted games for youth programs,30.27
,06/18/2026,Expense,,Amazon,Elena Marsh - grommet kit for craft activities youth programs,18.99
,06/18/2026,Expense,,Amazon,Elena Marsh - Kangaroo checker game for youth programs,9.94
,06/19/2026,Expense,,Amazon,Elena Marsh - bubble wrap for workforce training programs,25.64
,06/19/2026,Expense,,Amazon,Elena Marsh - table numbers and string light replacements for workforce programs,131.24
,06/19/2026,Expense,,Amazon,Elena Marsh - place card holders and string light bulb replacements for workforce training programs,197.04
,06/21/2026,Expense,,Amazon,Elena Marsh - string light replacements for events,59.82
,06/21/2026,Expense,,Amazon,Elena Marsh - chef aprons and kitchen knife for workforce training programs,62.03
,06/24/2026,Expense,,Walmart,Dahlia Serrano - powdered gatorade and 5 gallon cooler for youth programs,114.64
,06/25/2026,Expense,,Amazon,Elena Marsh - wristbands for camp,34.18
,06/28/2026,Expense,,Amazon,Elena Marsh - karaoke microphone,18.69
,06/30/2026,Expense,,Amazon,Elena Marsh - two way radio and batteries for youth wellness programming,23.13
,07/01/2026,Expense,,Amazon,Elena Marsh - bluetooth speaker boombox for youth programs,129.98
,07/13/2026,Expense,,Amazon,Elena Marsh - radio programming cable for camp,17.95
,08/21/2026,Expense,,Amazon,Elena Marsh - sound bowl for programs,55.00
,09/10/2026,Expense,,Amazon,Elena Marsh - parachute hammock for relaxation programs,39.98
,09/11/2026,Expense,,Amazon,Elena Marsh - Round commercial table,170.99
,09/11/2026,Expense,,Amazon,Elena Marsh - flameless candles,151.99
,09/15/2026,Expense,,Amazon,Elena Marsh - 5 packs of AA batteries. mainly for flameless candles and other lighting used in programs,89.55
Total for Program Supplies,,,,,,5493.10
Service Providers - Programs,,,,,,
,03/15/2026,Check,3161,Kerry Dunbar,Sanctuary of Healing Acupuncture 3.15.26,150.00
,03/15/2026,Journal Entry,19-35,,remove Sanctuary of Healing practitioner charge from Salah grant,-250.00
,03/16/2026,Check,3162,Cara Merton,3.16.26 Sanctuary of Healing facilitator,100.00
,03/16/2026,Check,3163,Toni Carver LLC,3.16.26 Honoring Grief facilitator,125.00
,03/17/2026,Check,3165,Esme Brennan,3.17.26 Dragonfly Yoga,125.00
,03/17/2026,Check,3169,Nora Whitfield,Nora Whitfield Wellness Wednesday,75.00
,03/19/2026,Check,3164,Esme Brennan,3.19.26 Dragonfly Yoga,125.00
,03/19/2026,Check,3168,Dr Lyle,3.18.26 Community Acupuncture,75.00
,03/24/2026,Check,3173,Esme Brennan,3.24.26 Dragonfly Yoga,125.00
,03/24/2026,Check,3174,Esme Brennan,3.26.26 Dragonfly Yoga,125.00
,03/24/2026,Check,3176,Sloane Carrick,Grounding facilitator 3.22,125.00
,03/25/2026,Check,3175,Liora Reyes,Sound Bath for Wellness Wednesdays,75.00
,03/28/2026,Check,3177,Talia Grove,Culinary Trainer for Vegas Night,125.00
,04/01/2026,Check,3185,Esme Brennan,4.1.26 Dragonfly Yoga,125.00
,04/01/2026,Check,3183,Nora Whitfield,Wellness Wednesday facilitation 4.1.26,75.00
,04/08/2026,Check,3193,Tamsin Moreau,Acupuncture Facilitator 4.8.26,150.00
,04/08/2026,Check,3195,Liora Reyes,Wellness Wednesday sound therapist,75.00
,04/09/2026,Check,3199,Kai Sutton,Mothers Exhaustion practitioner,125.00
,04/10/2026,Journal Entry,19-32,,reclass 5 Dragonfly classes out of Salah grant,-625.00
,04/13/2026,Check,3202,Toni Carver LLC,Community Meditation facilitator,100.00
,04/15/2026,Check,3206,Krista Delgado,Krista Delgado facilitator for Wellness Wednesday,75.00
,04/15/2026,Check,3207,Nora Whitfield,Nora Whitfield facilitator for Caregivers,100.00
,04/19/2026,Check,3213,Luna Abruzzi,culinary trainer for Dragonfly escape retreat. 3 hours @20/hr,60.00
,04/25/2026,Check,3208,Mina Bellamy,open art for 2 days in April,100.00
,04/25/2026,Check,3223,Mina Bellamy,open art 4.27,50.00
,04/27/2026,Check,3224,Celeste Norwood,Wellness Wednesday facilitator,75.00
,04/27/2026,Check,3225,Ava Greer,Open Art Illumination facilitator,150.00
,05/04/2026,Check,3237,Kerry Dunbar,5.4.26 Kerry Dunbar Acupuncture,150.00
,05/04/2026,Check,3238,Mina Bellamy,Open Art 5.4.26,50.00
,05/05/2026,Bill,May 4,Hazel Holloway,May 4 & 11,75.00
,05/05/2026,Journal Entry,19-38,,Reverse check 3224 to Celeste Norwood she didn't want to be paid,-75.00
,05/05/2026,Check,3224,Tamsin Moreau,Acupuncture for Trauma 4.29.26,150.00
,05/06/2026,Check,3241,Krista Delgado,Wellness Wednesday 5.6.25,75.00
,05/06/2026,Check,3243,Ava Greer,Open Art 5.6.26,150.00
,05/11/2026,Check,3252,Nora Whitfield,5.11.26 community meditation,75.00
,05/12/2026,Bill,May 11,Hazel Holloway,May  11,75.00
,05/12/2026,Check,3255,Mina Bellamy,Open Art 5.12.26,50.00
,05/12/2026,Check,3258,Corinne Blake Ashworth,Wellness Wednesday 5.13.26,75.00
,05/13/2026,Check,3260,Tamsin Moreau,Acupuncture for Trauma 5.13.26,150.00
,05/13/2026,Check,3261,Sloane Carrick,grounding program Sloane Carrick 5.17.26,125.00
,05/18/2026,Check,3273,Kai Sutton,Yoga for Bayport Educators,75.00
,05/18/2026,Check,3274,Kai Sutton,Yoga for Mothers Exhaustion,125.00
,05/18/2026,Check,3275,Adele Aldridge,Frequency of Sound,100.00
,05/18/2026,Check,3278,Mina Bellamy,Open Art 5.19,50.00
,05/18/2026,Check,3279,Liora Reyes,Wellness Wednesdays 5.20,75.00
,05/18/2026,Check,3280,Talia Grove,Caregivers Respite 5.20,75.00
,05/26/2026,Check,3292,Mina Bellamy,Open Art 5.26,50.00
,05/26/2026,Check,3295,Tamsin Moreau,Acupuncture for Trauma 5.26.26,150.00
,06/01/2026,Check,3306,Kerry Dunbar,Acupuncture 6/1,150.00
,06/01/2026,Check,3311,Nora Whitfield,Nora Whitfield facilitator for The Reset,75.00
,06/01/2026,Check,3312,Kaia Pellerin,Meditation fee,50.00
,06/08/2026,Check,3316,Dana Fairley,culinary trainer for Family Leadership event,125.00
,06/08/2026,Check,3329,Mina Bellamy,Open Art 6.9,50.00
,06/08/2026,Check,3330,Sloane Carrick,Grounding 6.9,100.00
,06/08/2026,Check,3331,Corinne Blake Ashworth,Wellness Wednesday 6/10,75.00
,06/08/2026,Check,3333,Tamsin Moreau,Acupuncture for Trauma 6.10.26,150.00
,06/15/2026,Check,3309,Juno Sandoval,Juno Wellness Wednesdays,50.00
,06/29/2026,Check,3342,Corinne Blake Ashworth,7.3.26 Qigong,75.00
,07/06/2026,Check,3347,Kerry Dunbar,Kerry Dunbar Relaxation Point 7.6.26,150.00
,07/06/2026,Check,3348,Liora Reyes,Sound Bath 7.7.26,75.00
,07/13/2026,Check,3350,Toni Carver LLC,Toni Carver meditation 7.13.26,75.00
,07/13/2026,Check,3351,Tamsin Moreau,Acupuncture Tamsin 7.14.26,150.00
,07/15/2026,Check,3355,Esme Brennan,Yoga Camp Studio in the Wild 7.15.26,250.00
,07/20/2026,Check,3363,Kerry Dunbar,Kerry Dunbar Relaxation Point 7.20.26,150.00
,07/20/2026,Check,3365,Sloane Carrick,Grounding 7.23.26,100.00
,07/27/2026,Check,3369,Juno Sandoval,Juno Sandoval meditation 7.27.26,75.00
,08/03/2026,Check,3372,Kerry Dunbar,Kerry Dunbar Relaxation Point 8.04.26,150.00
,08/04/2026,Check,3380,Corinne Blake Ashworth,8.6.26 Qigong,75.00
,08/05/2026,Check,3381,Esme Brennan,Yoga Camp Studio in the Wild 8.5.26,200.00
,08/11/2026,Check,3390,Amara Mercer,Meditation 8.10.26,50.00
,08/11/2026,Check,3391,Tamsin Moreau,Acupuncture Tamsin 8.11.26,150.00
,08/11/2026,Check,3393,Sloane Carrick,Grounding 8.13.26,100.00
,08/22/2026,Check,3401,Juno Sandoval,Juno Sandoval meditation 8.24.26,75.00
,08/25/2026,Check,3402,Liora Reyes,Sound Bath 8.25.26,75.00
,08/30/2026,Check,3408,Sloane Carrick,Grounding 6.9 re-cut 3330,100.00
,08/30/2026,Check,3408,Sloane Carrick,Grounding 6.9 re-cut 3330,-100.00
,09/14/2026,Check,3418,Tamsin Moreau,9.15.26 Acupuncture for Trauma,150.00
,09/14/2026,Check,3419,Amara Mercer,Meditation 9.14.26,75.00
,09/14/2026,Check,3422,Celeste Norwood,Culinary trainer for workforce lunch (Salah hosting),100.00
,09/16/2026,Check,3420,Mina Bellamy,Open Art 9.16.26,50.00
,09/21/2026,Check,3425,Kerry Dunbar,Kerry Dunbar Relaxation Point 9.21.26,150.00
,09/21/2026,Check,3426,Nora Whitfield,Nora Whitfield facilitator for Caregivers 9.22.25,75.00
,09/21/2026,Check,3428,Corinne Blake Ashworth,9.24.26 Qigong,75.00
,09/21/2026,Check,3433,Dana Fairley,culinary training for 9.25 event,150.00
Total for Service Providers - Programs,,,,,,7185.00
Total for Programs with sub-accounts,,,,,,13607.72
Total for Cost of Programs and Events with sub-accounts,,,,,,13607.72
TOTAL,,,,,,72708.81
